iso3_r250_id,iso3_r250_label,iso3_r250_name,Q,P,lambda,Solar_energy_provision
4.0,AFG,Afghanistan,55.85,180000.0,0.7,7083114.0
8.0,ALB,Albania,22.2,94000.0,0.62,1301967.0
10.0,ATA,Antarctica,NA,NA,NA,NA
12.0,DZA,Algeria,711.04,21000.0,0.78,11700479.0
16.0,ASM,American Samoa,7.44,NA,0.61,NA
20.0,AND,Andorra,0.72,NA,0.08,NA
24.0,AGO,Angola,1.94,37000.0,0.55,39444.0
28.0,ATG,Antigua and Barbuda,13.72,449000.0,0.62,3810988.0
31.0,AZE,Azerbaijan,44.2,48000.0,0.51,1086626.0
32.0,ARG,Argentina,800.95,108000.0,0.72,61926965.0
36.0,AUS,Australia,14848.0,204000.0,0.34,1044041848.0
40.0,AUT,Austria,1702.09,102000.0,0.36,63234261.0
44.0,BHS,Bahamas,4.66,285000.0,0.48,633432.0
48.0,BHR,Bahrain,18.0,60000.0,0.74,804102.0
50.0,BGD,Bangladesh,374.03,97000.0,0.51,18619709.0
51.0,ARM,Armenia,23.6,77000.0,0.42,754471.0
52.0,BRB,Barbados,39.2,266000.0,0.44,4618821.0
56.0,BEL,Belgium,4252.5,167000.0,0.33,230906102.0
60.0,BMU,Bermuda,NA,NA,NA,NA
64.0,BTN,Bhutan,0.38,59000.0,0.54,12291.0
68.0,BOL,Bolivia,187.52,175000.0,1.0,32815300.0
70.0,BIH,Bosnia and Herzegovina,30.0,116000.0,0.52,1793154.0
72.0,BWA,Botswana,5.94,163000.0,0.36,352351.0
74.0,BVT,Bouvet Island,NA,NA,NA,NA
76.0,BRA,Brazil,6666.3,175000.0,0.55,641053691.0
84.0,BLZ,Belize,9.44,226000.0,0.56,1192350.0
86.0,IOT,British Indian Ocean Territory,NA,NA,NA,NA
90.0,SLB,Solomon Islands,3.37,716000.0,0.54,1297365.0
92.0,VGB,British Virgin Islands,1.64,NA,0.65,NA
96.0,BRN,Brunei,1.08,50000.0,0.31,16822.0
100.0,BGR,Bulgaria,1417.29,107000.0,0.52,79142520.0
104.0,MMR,Myanmar,85.29,81000.0,0.35,2390742.0
108.0,BDI,Burundi,2.98,173000.0,0.61,314469.0
112.0,BLR,Belarus,181.0,147000.0,0.44,11723166.0
116.0,KHM,Cambodia,139.71,182000.0,0.37,9410767.0
120.0,CMR,Cameroon,17.45,170000.0,0.53,1570316.0
124.0,CAN,Canada,3752.0,123000.0,0.33,154015579.0
132.0,CPV,Cabo Verde,8.98,263000.0,0.2,473833.0
136.0,CYM,Cayman Islands,17.2,NA,0.6,NA
140.0,CAF,Central African Republic,0.43,105000.0,0.56,24987.0
144.0,LKA,Sri Lanka,330.1,173000.0,0.35,19799819.0
148.0,TCD,Chad,0.88,212000.0,0.62,116237.0
152.0,CHL,Chile,6465.46,102000.0,0.98,646149871.0
156.0,CHN,China,224541.52,146000.0,0.4,13273705412.0
158.0,TWN,Taiwan,4015.9,117000.0,0.35,163412292.0
162.0,CXR,Christmas Island,NA,NA,NA,NA
166.0,CCK,Cocos Islands,NA,NA,NA,NA
170.0,COL,Colombia,142.8,199000.0,1.0,28418195.0
174.0,COM,Comoros,1.67,281000.0,0.55,259598.0
175.0,MYT,Mayotte,24.88,NA,0.58,NA
178.0,COG,Republic of the Congo,0.67,81000.0,1.0,54108.0
180.0,COD,Democratic Republic of the Congo,12.26,100000.0,0.49,597585.0
184.0,COK,Cook Islands,9.8,NA,0.7,NA
188.0,CRI,Costa Rica,71.4,144000.0,0.57,5902912.0
191.0,HRV,Croatia,83.1,168000.0,0.35,4931330.0
192.0,CUB,Cuba,191.8,NA,0.48,NA
196.0,CYP,Cyprus,218.27,191000.0,0.56,23358818.0
203.0,CZE,Czechia,2316.15,138000.0,0.41,129684374.0
204.0,BEN,Benin,5.6,207000.0,0.57,663971.0
208.0,DNK,Denmark,963.27,242000.0,0.31,73162701.0
212.0,DMA,Dominica,0.18,368000.0,0.17,10984.0
214.0,DOM,Dominican Republic,372.3,201000.0,0.41,30853267.0
218.0,ECU,Ecuador,37.62,119000.0,0.52,2344970.0
222.0,SLV,El Salvador,576.43,195000.0,0.54,61047359.0
226.0,GNQ,Equatorial Guinea,0.41,174000.0,0.46,33393.0
231.0,ETH,Ethiopia,19.75,36000.0,0.63,448412.0
232.0,ERI,Eritrea,49.58,NA,0.77,NA
233.0,EST,Estonia,73.5,103000.0,0.19,1419660.0
234.0,FRO,Faroe Islands,NA,NA,NA,NA
238.0,FLK,Falkland Islands,0.12,NA,0.7,NA
239.0,SGS,South Georgia and the South Sand,NA,NA,NA,NA
242.0,FJI,Fiji,11.08,218000.0,0.51,1220464.0
246.0,FIN,Finland,147.18,133000.0,0.21,4139481.0
248.0,ALA,Åland,NA,NA,NA,NA
250.0,FRA,France,12165.28,136000.0,0.42,698323958.0
254.0,GUF,French Guiana,50.82,NA,0.34,NA
258.0,PYF,French Polynesia,39.7,NA,0.35,NA
260.0,ATF,French Southern Territories,NA,NA,NA,NA
262.0,DJI,Djibouti,0.6,262000.0,0.66,103160.0
266.0,GAB,Gabon,0.13,191000.0,0.51,12619.0
268.0,GEO,Georgia,3.56,66000.0,0.48,113346.0
270.0,GMB,Gambia,2.92,202000.0,0.63,369637.0
275.0,PSE,Palestine,123.34,176000.0,0.59,12786317.0
276.0,DEU,Germany,44383.0,256000.0,0.32,3644726868.0
288.0,GHA,Ghana,190.42,236000.0,0.94,42199964.0
292.0,GIB,Gibraltar,NA,NA,NA,NA
296.0,KIR,Kiribati,5.53,413000.0,0.69,1566208.0
300.0,GRC,Greece,4428.51,204000.0,0.61,554584165.0
304.0,GRL,Greenland,0.12,NA,0.31,NA
308.0,GRD,Grenada,3.73,309000.0,0.43,490402.0
312.0,GLP,Guadeloupe,102.86,NA,0.47,NA
316.0,GUM,Guam,77.2,NA,0.78,NA
320.0,GTM,Guatemala,244.94,201000.0,1.0,49233945.0
324.0,GIN,Guinea,21.72,203000.0,0.6,2663685.0
328.0,GUY,Guyana,10.21,328000.0,0.49,1647878.0
332.0,HTI,Haiti,4.92,211000.0,0.63,658867.0
334.0,HMD,Heard Island and McDonald Island,NA,NA,NA,NA
336.0,VAT,Vatican City,NA,NA,NA,NA
340.0,HND,Honduras,1126.61,208000.0,0.89,208033001.0
344.0,HKG,"China, Hong Kong Special Administrative Region",15.7,161000.0,0.0,2528.0
348.0,HUN,Hungary,1497.0,180000.0,0.39,105946263.0
352.0,ISL,Iceland,5.42,122000.0,0.26,172639.0
356.0,IND,India,43933.4,182000.0,0.47,3776941783.0
360.0,IDN,Indonesia,118.0,109000.0,0.26,3284246.0
364.0,IRN,Iran,510.47,52000.0,0.58,15263739.0
368.0,IRQ,Iraq,376.54,85000.0,1.0,32006325.0
372.0,IRL,Ireland,33.26,190000.0,0.3,1891058.0
376.0,ISR,Israel,3115.0,118000.0,0.57,208241694.0
380.0,ITA,Italy,23701.38,168000.0,0.42,1683659584.0
383.0,XKX,Kosovo,10.55,95000.0,0.39,387661.0
384.0,CIV,Côte d'lvoire,5.5,126000.0,0.5,346353.0
388.0,JAM,Jamaica,89.96,264000.0,0.29,6909619.0
392.0,JPN,Japan,69381.0,212000.0,0.41,5971688398.0
398.0,KAZ,Kazakhstan,563.14,44000.0,0.38,9413074.0
400.0,JOR,Jordan,2087.17,246000.0,0.88,449934790.0
404.0,KEN,Kenya,112.34,217000.0,0.31,7657893.0
408.0,PRK,North Korea,83.81,NA,0.49,NA
410.0,KOR,South Korea,12996.0,114000.0,0.45,667878824.0
414.0,KWT,Kuwait,58.54,7000.0,0.23,92471.0
417.0,KGZ,Kyrgyzstan,NA,36000.0,NA,NA
418.0,LAO,Laos,45.16,132000.0,0.5,3003660.0
422.0,LBN,Lebanon,111.71,130000.0,0.57,8301911.0
426.0,LSO,Lesotho,1.03,139000.0,0.68,98130.0
428.0,LVA,Latvia,3.14,114000.0,0.34,121534.0
430.0,LBR,Liberia,2.18,390000.0,0.54,460540.0
434.0,LBY,Libya,7.79,126000.0,0.6,585897.0
438.0,LIE,Liechtenstein,NA,95000.0,NA,NA
440.0,LTU,Lithuania,91.1,95000.0,0.31,2687409.0
442.0,LUX,Luxembourg,130.38,121000.0,0.28,4417667.0
446.0,MAC,"China, Macao Special Administrative Region",NA,NA,NA,NA
450.0,MDG,Madagascar,38.21,113000.0,0.66,2840268.0
454.0,MWI,Malawi,6.43,172000.0,0.63,697263.0
458.0,MYS,Malaysia,481.26,120000.0,0.16,8996341.0
462.0,MDV,Maldives,30.91,394000.0,0.59,7134001.0
466.0,MLI,Mali,17.06,142000.0,0.6,1462466.0
470.0,MLT,Malta,195.39,190000.0,0.48,17746567.0
474.0,MTQ,Martinique,85.33,NA,0.42,NA
478.0,MRT,Mauritania,149.0,176000.0,0.68,17739454.0
480.0,MUS,Mauritius,135.69,205000.0,0.53,14623221.0
484.0,MEX,Mexico,7061.37,165000.0,0.42,491529516.0
492.0,MCO,Monaco,NA,NA,NA,NA
496.0,MNG,Mongolia,116.79,56000.0,0.5,3273028.0
498.0,MDA,Moldova,1.44,85000.0,0.04,5312.0
499.0,MNE,Montenegro,NA,141000.0,NA,NA
500.0,MSR,Montserrat,NA,NA,NA,NA
504.0,MAR,Morocco,1608.98,124000.0,0.9,178656449.0
508.0,MOZ,Mozambique,32.58,96000.0,0.25,786202.0
512.0,OMN,Oman,50.57,60000.0,0.78,2357298.0
516.0,NAM,Namibia,356.03,151000.0,1.0,53760681.0
520.0,NRU,Nauru,1.55,NA,0.19,NA
524.0,NPL,Nepal,83.78,120000.0,0.6,6055093.0
528.0,NLD,Netherlands,5399.4,144000.0,0.25,193652210.0
531.0,CUW,Curaçao,20.44,NA,0.68,NA
533.0,ABW,Aruba,26.0,NA,0.7,NA
534.0,SXM,Sint Maarten,NA,NA,NA,NA
535.0,BES,"Bonaire, Sint Eustatius and Saba",9.14,NA,0.53,NA
540.0,NCL,New Caledonia,116.12,NA,0.61,NA
548.0,VUT,Vanuatu,7.58,382000.0,0.65,1890676.0
554.0,NZL,New Zealand,128.0,120000.0,0.41,6339841.0
558.0,NIC,Nicaragua,25.62,334000.0,0.62,5265479.0
562.0,NER,Niger,23.64,213000.0,0.66,3347139.0
566.0,NGA,Nigeria,54.47,119000.0,0.58,3730523.0
570.0,NIU,Niue,0.47,NA,0.14,NA
574.0,NFK,Norfolk Island,NA,NA,NA,NA
578.0,NOR,Norway,106.64,101000.0,0.31,3371326.0
580.0,MNP,Northern Mariana Islands,NA,NA,NA,NA
581.0,UMI,United States Minor Outlying Isl,NA,NA,NA,NA
583.0,FSM,Micronesia,1.65,414000.0,0.17,115614.0
584.0,MHL,Marshall Islands,2.3,406000.0,0.52,483458.0
585.0,PLW,Palau,3.51,321000.0,0.51,579061.0
586.0,PAK,Pakistan,920.85,217000.0,0.46,91796973.0
591.0,PAN,Panama,335.33,254000.0,0.58,49620674.0
598.0,PNG,Papua New Guinea,4.34,289000.0,0.56,707326.0
600.0,PRY,Paraguay,0.12,66000.0,0.84,6548.0
604.0,PER,Peru,822.57,195000.0,1.0,160401345.0
608.0,PHL,Philippines,1282.51,181000.0,0.5,115735886.0
612.0,PCN,Pitcairn Islands,NA,NA,NA,NA
616.0,POL,Poland,710.67,137000.0,0.12,11824031.0
620.0,PRT,Portugal,1342.25,222000.0,0.58,173095779.0
624.0,GNB,Guinea-Bissau,2.95,273000.0,0.64,512556.0
626.0,TLS,Timor-Leste,0.92,234000.0,0.61,130708.0
630.0,PRI,Puerto Rico,498.08,243000.0,0.58,69706102.0
634.0,QAT,Qatar,8.36,37000.0,0.65,200667.0
638.0,REU,Réunion,261.74,NA,0.5,NA
642.0,ROU,Romania,1777.62,92000.0,0.48,79113801.0
643.0,RUS,Russia,940.4,84000.0,0.24,19335402.0
646.0,RWA,Rwanda,31.04,137000.0,0.54,2315950.0
652.0,BLM,Saint Barthélemy,0.04,NA,0.68,NA
654.0,SHN,"Saint Helena, Ascension and Tris",NA,NA,NA,NA
659.0,KNA,Saint Kitts and Nevis,3.18,306000.0,0.62,604399.0
660.0,AIA,Anguilla,2.68,NA,0.69,NA
662.0,LCA,Saint Lucia,8.14,321000.0,0.8,2091164.0
663.0,MAF,Saint-Martin,0.45,NA,0.31,NA
666.0,SPM,Saint Pierre and Miquelon,NA,NA,NA,NA
670.0,VCT,Saint Vincent and the Grenadines,1.66,346000.0,0.1,58008.0
674.0,SMR,San Marino,NA,155000.0,NA,NA
678.0,STP,São Tomé and Príncipe,0.36,183000.0,0.38,25252.0
682.0,SAU,Saudi Arabia,261.0,74000.0,0.98,18970249.0
686.0,SEN,Senegal,258.11,182000.0,0.59,27763109.0
688.0,SRB,Serbia,27.86,107000.0,0.45,1330774.0
690.0,SYC,Seychelles,6.91,321000.0,0.52,1142106.0
694.0,SLE,Sierra Leone,6.36,180000.0,0.54,619363.0
702.0,SGP,Singapore,301.0,55000.0,0.41,6797567.0
703.0,SVK,Slovakia,589.0,156000.0,0.36,33210066.0
704.0,VNM,Vietnam,4988.47,125000.0,0.36,225512104.0
705.0,SVN,Slovenia,303.04,266000.0,0.4,32460227.0
706.0,SOM,Somalia,3.8,NA,0.61,NA
710.0,ZAF,South Africa,6850.99,161000.0,0.54,594774043.0
716.0,ZWE,Zimbabwe,16.91,124000.0,0.55,1159343.0
724.0,ESP,Spain,15103.0,260000.0,0.52,2053181593.0
728.0,SSD,South Sudan,1.2,NA,0.59,NA
729.0,SDN,Sudan,21.55,24000.0,0.03,17934.0
732.0,ESH,Western Sahara,NA,NA,NA,NA
740.0,SUR,Suriname,11.67,72000.0,0.55,458870.0
744.0,SJM,Svalbard and Jan Mayen,NA,NA,NA,NA
748.0,SWZ,Swaziland,0.13,165000.0,0.33,7326.0
752.0,SWE,Sweden,679.0,104000.0,0.34,24028457.0
756.0,CHE,Switzerland,2178.0,136000.0,0.3,90313953.0
760.0,SYR,Syria,4.3,78000.0,0.69,232933.0
762.0,TJK,Tajikistan,NA,63000.0,NA,NA
764.0,THA,Thailand,5145.72,137000.0,0.69,483078492.0
768.0,TGO,Togo,12.13,176000.0,0.66,1406963.0
772.0,TKL,Tokelau,1.66,NA,0.63,NA
776.0,TON,Tonga,7.8,362000.0,0.41,1163556.0
780.0,TTO,Trinidad and Tobago,6.23,66000.0,0.61,251275.0
784.0,ARE,United Arab Emirates,3663.46,109000.0,0.76,304115958.0
788.0,TUN,Tunisia,258.0,77000.0,1.0,19866000.0
792.0,TUR,Turkey,9252.89,89000.0,0.61,498308187.0
795.0,TKM,Turkmenistan,NA,NA,NA,NA
796.0,TCA,Turks and Caicos Islands,1.47,NA,0.61,NA
798.0,TUV,Tuvalu,1.79,NA,0.13,NA
800.0,UGA,Uganda,119.48,169000.0,0.6,12171267.0
804.0,UKR,Ukraine,3674.81,64000.0,0.19,45118758.0
807.0,MKD,North Macedonia,23.22,155000.0,0.54,1931164.0
818.0,EGY,Egypt,1489.0,97000.0,0.32,46108678.0
826.0,GBR,United Kingdom,12418.06,177000.0,0.33,727817594.0
831.0,GGY,Guernsey,NA,NA,NA,NA
832.0,JEY,Jersey,NA,NA,NA,NA
833.0,IMN,Isle of Man,NA,NA,NA,NA
834.0,TZA,Tanzania,27.94,126000.0,0.72,2532528.0
840.0,USA,United States,97478.0,181000.0,0.62,10988850630.0
850.0,VIR,"Virgin Islands, U.S.",14.0,NA,0.54,NA
854.0,BFA,Burkina Faso,91.24,238000.0,0.65,14140440.0
858.0,URY,Uruguay,424.07,167000.0,0.66,46946339.0
860.0,UZB,Uzbekistan,0.1,52000.0,0.17,887.0
862.0,VEN,Venezuela,4.86,1238000.0,0.67,4045005.0
876.0,WLF,Wallis and Futuna,NA,NA,NA,NA
882.0,WSM,Samoa,23.71,385000.0,0.67,6075842.0
887.0,YEM,Yemen,492.31,NA,0.78,NA
894.0,ZMB,Zambia,108.75,46000.0,0.42,2122735.0
