Country,ISO3 code,Group Technology,elec_prod_GWh,installed_cap_MW,capacity_factor,lambda,Price_USD_GWh,pq,gep
Austria,AUT,Geothermal energy,0.2,0.915,0.024951967462634426,0.001,102000.0,20400.0,20.400000000000002
Chile,CHL,Geothermal energy,202.0,39.7,0.5808403206698641,0.49854413195514136,102000.0,20604000.0,10272003.294803733
China,CHN,Geothermal energy,143.5,25.75,0.6361661568470984,0.5647324286202687,146000.0,20951000.0,11831709.112023251
Costa Rica,CRI,Geothermal energy,1512.575,261.86,0.6593919613359573,0.5925182976466351,144000.0,217810800.0,129056884.4250517
Croatia,HRV,Geothermal energy,91.9,10.0,1.0,1.0,168000.0,15439200.000000002,15439200.000000002
El Salvador,SLV,Geothermal energy,1474.001,204.44,0.8230529951961434,0.7883119053014404,195000.0,287430195.0,226584644.66161454
France,FRA,Geothermal energy,128.486,16.15,0.9081951453977409,0.8901705356562953,136000.0,17474096.0,15554925.396429528
Germany,DEU,Geothermal energy,197.0,40.0,0.5622146118721462,0.47626152359921187,256000.0,50432000.0,24018821.158155452
Guadeloupe,GLP,Geothermal energy,109.468,14.5,0.8618170366871359,0.834686728628573,,,
Guatemala,GTM,Geothermal energy,262.137,52.0,0.5754675974710222,0.4921165490832734,201000.0,52689537.0,25929393.12123545
Honduras,HND,Geothermal energy,295.918,35.0,0.9651598173515982,0.9583194307698772,208000.0,61550944.0,58985465.61742859
Hungary,HUN,Geothermal energy,18.0,3.0,0.684931506849315,0.6230721786528877,180000.0,3240000.0,2018753.858835356
Iceland,ISL,Geothermal energy,6018.138,755.558,0.9092644837253004,0.8914498237312765,122000.0,734212836.0,654513903.2334406
Indonesia,IDN,Geothermal energy,14100.0,2130.7,0.7554273436410055,0.7074088951243288,109000.0,1536900000.0,1087216730.916581
Italy,ITA,Geothermal energy,6074.86,767.19,0.9039184151902027,0.885054128796642,168000.0,1020576480.0,903265427.3767436
Japan,JPN,Geothermal energy,2847.0,481.0,0.6756756756756757,0.6119990934194238,212000.0,603564000.0,369380620.8206011
Kenya,KEN,Geothermal energy,5383.855,683.8,0.8987939743122304,0.878923575035329,217000.0,1168296535.0,1026843367.2435874
Mexico,MEX,Geothermal energy,5351.0,973.5,0.6274727774611684,0.5543322247810503,165000.0,882915000.0,489428236.242561
New Zealand,NZL,Geothermal energy,8261.0,1009.0,0.93462490553059,0.9217894125740741,120000.0,991320000.0,913788280.4729311
Nicaragua,NIC,Geothermal energy,778.13,153.24,0.5796634401642929,0.49713618728725395,334000.0,259895420.0,129203418.19221953
Papua New Guinea,PNG,Geothermal energy,96.0,50.0,0.2191780821917808,0.06587452970498268,289000.0,27744000.0,1827622.9521350395
Philippines (the),PHL,Geothermal energy,10690.804,1928.1,0.6329606428738729,0.5608975564432916,181000.0,1935035524.0,1085356697.0425644
Portugal,PRT,Geothermal energy,215.36,29.1,0.8448273156647681,0.814361311554281,222000.0,47809920.0,38934549.15650525
Russian Federation (the),RUS,Geothermal energy,432.7,81.4,0.6068179013384493,0.5296220502431997,84000.0,36346800.0,19250066.73577953
Thailand,THA,Geothermal energy,1.246,0.3,0.4741248097412481,0.3708765107467281,137000.0,170702.0,63309.36213748798
Türkiye,TUR,Geothermal energy,8951.74,1514.688,0.6746525540929097,0.6107750961059865,89000.0,796704860.0,486607487.4346065
United States of America (the),USA,Geothermal energy,18364.0,2555.4,0.8203596430944159,0.7850897508750398,181000.0,3323884000.0,2609547261.497531
Afghanistan,AFG,Solar energy,55.848,31.631,0.20155361720316856,0.7046023736996997,180000.0,10052640.0,7083114.005948549
Albania,ALB,Solar energy,22.196,14.0,0.18098499673842142,0.6240185562353282,94000.0,2086424.0000000002,1301967.2921747386
Algeria,DZA,Solar energy,711.045,366.09999999999997,0.22171406869146465,0.7835870652358484,21000.0,14931945.0,11700478.960813101
American Samoa,ASM,Solar energy,7.435,4.8100000000000005,0.17645411481027917,0.6062674502301485,,,
Andorra,AND,Solar energy,0.723,1.989,0.04149534770002135,0.07752549241779509,,,
Angola,AGO,Solar energy,1.939,1.366,0.16204028694251119,0.5497969020059817,37000.0,71743.0,39444.07914061515
Anguilla,AIA,Solar energy,2.683,1.542,0.19862421453488027,0.6931255490723224,,,
Antigua and Barbuda,ATG,Solar energy,13.715,8.714,0.17966941351920965,0.6188643594248103,449000.0,6158035.0,3810988.3855905617
Argentina,ARG,Solar energy,800.947,447.239,0.20443723811222425,0.7158998343811321,108000.0,86502276.0,61926965.061990984
Armenia,ARM,Solar energy,23.6,21.1,0.12768075483130992,0.41518299979723716,77000.0,1817200.0,754470.5472315394
Aruba,ABW,Solar energy,25.996,14.804,0.20045797815967298,0.700309874995705,,,
Australia,AUS,Solar energy,14848.0,15453.0,0.10968596188117334,0.34468293330574373,204000.0,3028992000.0,1044041847.5196313
Austria,AUT,Solar energy,1702.093,1694.396,0.11467381525999741,0.3642243637535027,102000.0,173613486.0,63234261.477377646
Azerbaijan,AZE,Solar energy,44.2,33.1,0.15243692146394625,0.5121728011531957,48000.0,2121600.0,1086625.81492662
Bahamas (the),BHS,Solar energy,4.659,3.707,0.1434716253219566,0.4770485307113176,285000.0,1327815.0,633432.1948064482
Bahrain,BHR,Solar energy,18.0,9.704,0.2117471682345368,0.7445387056979201,60000.0,1080000.0,804101.8021537537
Bangladesh,BGD,Solar energy,374.03,279.614,0.15270154063986383,0.5132095271410306,97000.0,36280910.0,18619708.66534629
Barbados,BRB,Solar energy,39.204,33.21,0.13475888183539367,0.44291371199858826,266000.0,10428264.0,4618821.117941246
Belarus,BLR,Solar energy,181.0,154.0,0.134169483484552,0.4406045649559156,147000.0,26607000.0,11723165.659782046
Belgium,BEL,Solar energy,4252.5,4636.6,0.10469853027637753,0.32514315528583543,167000.0,710167500.0,230906101.73145354
Belize,BLZ,Solar energy,9.435,6.55,0.16443584649168672,0.5591822340833883,226000.0,2132310.0,1192349.8695583497
Benin,BEN,Solar energy,5.599,3.806,0.16793359199725502,0.5728857143843948,207000.0,1158993.0,663970.532771513
Bhutan,BTN,Solar energy,0.385,0.275,0.15981735159817353,0.5410878776778688,59000.0,22715.0,12290.81114145279
Bolivia (Plurinational State of),BOL,Solar energy,187.516,5.25,1.0,1.0,175000.0,32815300.0,32815300.0
"Bonaire, Sint Eustatius and Saba",BES,Solar energy,9.141,6.645,0.15703433418885349,0.5301845617604407,,,
Bosnia and Herzegovina,BIH,Solar energy,30.0,22.35,0.15322852502221815,0.5152741485067172,116000.0,3480000.0,1793154.0368033757
Botswana,BWA,Solar energy,5.941,5.9190000000000005,0.11457954840884667,0.36385504473480174,163000.0,968383.0,352351.0397854215
Brazil,BRA,Solar energy,6666.304999999999,4698.489,0.1619656279840577,0.5495044028619381,175000.0,1166603375.0,641053690.9560966
British Virgin Islands,VGB,Solar energy,1.635,0.99,0.18852912688529128,0.6535749772760475,,,
Brunei Darussalam,BRN,Solar energy,1.079,1.216,0.10129400985340062,0.3118049125588082,50000.0,53950.0,16821.8750325477
Bulgaria,BGR,Solar energy,1417.286,1044.39,0.1549140065199843,0.5218775341634437,107000.0,151649602.0,79142520.34862764
Burkina Faso,BFA,Solar energy,91.24000000000001,55.426,0.18791767607540236,0.6511794330276143,238000.0,21715120.000000004,14140439.52972661
Burundi,BDI,Solar energy,2.9819999999999998,1.92,0.17729737442922372,0.609571175889561,173000.0,515885.99999999994,314469.23564496206
Cabo Verde,CPV,Solar energy,8.985,14.072,0.07288835499622295,0.2005171327152375,263000.0,2363055.0,473833.0130484055
Cambodia,KHM,Solar energy,139.71,137.281,0.11617507256638793,0.37010599519069953,182000.0,25427220.0,9410766.563032858
Cameroon,CMR,Solar energy,17.446,12.697,0.1568522100823443,0.5294710352611817,170000.0,2965820.0000000005,1570315.785798318
Canada,CAN,Solar energy,3752.0,4007.0,0.10689056707838908,0.3337311251903428,123000.0,461496000.0,154015579.35084245
Cayman Islands,CYM,Solar energy,17.205,11.194,0.17545480577902542,0.6023523536050215,,,
Central African Republic (the),CAF,Solar energy,0.426,0.296,0.1642910033320992,0.5586147670161065,105000.0,44730.0,24986.838528630444
Chad,TCD,Solar energy,0.881,0.557,0.18055794659911625,0.6223454576173201,212000.0,186772.0,116236.70581010211
Chile,CHL,Solar energy,6465.463,2715.5350000000003,0.2717941593503363,0.9797910299679722,102000.0,659477226.0,646149870.5029612
China,CHN,Solar energy,224541.51799999998,204970.8,0.12505485356448542,0.4048952340849999,146000.0,32783061627.999996,13273705411.892036
"China, Hong Kong Special Administrative Region",HKG,Solar energy,15.699,89.0,0.02013621671540711,0.001,161000.0,2527539.0,2527.539
Chinese Taipei,TWN,Solar energy,4015.9,4149.539,0.11047879609261672,0.34778910211682,117000.0,469860300.0,163412291.85733968
Colombia,COL,Solar energy,142.805,23.086,0.7061396794277661,1.0,199000.0,28418195.0,28418195.0
Comoros (the),COM,Solar energy,1.666,1.165,0.1632469084994219,0.554524208412229,281000.0,468146.0,259598.29007135137
Congo (the),COG,Solar energy,0.668,0.062,1.0,1.0,81000.0,54108.0,54108.0
Cook Islands (the),COK,Solar energy,9.805,5.57,0.2009501323954977,0.7022380386842707,,,
Costa Rica,CRI,Solar energy,71.39999999999999,48.444,0.1682496270230957,0.5741238775795563,144000.0,10281599.999999998,5902912.059721965
Croatia,HRV,Solar energy,83.1,84.8,0.11186676143706384,0.3532268778857636,168000.0,13960799.999999998,4931329.796787568
Cuba,CUB,Solar energy,191.804,150.65,0.14533975300334775,0.48436748826296183,,,
Curaçao,CUW,Solar energy,20.44,11.924999999999999,0.1956673654786863,0.6815411948847182,,,
Cyprus,CYP,Solar energy,218.267,151.261,0.16472404784388076,0.560311350408812,191000.0,41688997.0,23358818.20625891
Czechia,CZE,Solar energy,2316.154,2110.669,0.1252688799392569,0.4057337474090561,138000.0,319629252.0,129684374.19551355
Côte d'Ivoire,CIV,Solar energy,5.5,4.206,0.14927576825452654,0.4997880233971285,126000.0,693000.0,346353.10021421005
Democratic People's Republic of Korea (the),PRK,Solar energy,83.807,64.967,0.14725951840811627,0.4918887522785737,,,
Democratic Republic of the Congo (the),COD,Solar energy,12.26,9.578,0.14612062841881748,0.4874268048588647,100000.0,1226000.0,597585.2627569681
Denmark,DNK,Solar energy,963.269,1080.0,0.1018168653813631,0.31385335788346086,242000.0,233111098.0,73162700.86720052
Djibouti,DJI,Solar energy,0.6,0.362,0.18920759857715888,0.6562330961842119,262000.0,157200.0,103159.8427201581
Dominica,DMA,Solar energy,0.178,0.315,0.06450677683554396,0.16767975474323735,368000.0,65504.0,10983.69465470102
Dominican Republic (the),DOM,Solar energy,372.30499999999995,334.8,0.12694316241414488,0.4122932574924577,201000.0,74833304.99999999,30853267.087376617
Ecuador,ECU,Solar energy,37.617,27.63,0.15541723062583354,0.5238490674298059,119000.0,4476423.0,2344970.013971334
Egypt,EGY,Solar energy,1489.0,1647.2,0.10319157901273172,0.31923921604180744,97000.0,144433000.0,46108677.690566376
El Salvador,SLV,Solar energy,576.43,410.412,0.16033281535511903,0.5431073634946443,195000.0,112403849.99999999,61047358.62014747
Equatorial Guinea,GNQ,Solar energy,0.413,0.336,0.14031582952815827,0.46468474225802125,174000.0,71862.0,33393.17494814593
Eritrea,ERI,Solar energy,49.583,25.919,0.2183787884313283,0.7705200918753355,,,
Estonia,EST,Solar energy,73.5,120.6,0.06957223017333425,0.18752520659774521,103000.0,7570500.0,1419659.5765482301
Eswatini,SWZ,Solar energy,0.133,0.14200000000000002,0.10692005916779214,0.33384666940747554,165000.0,21945.0,7326.265160147051
Ethiopia,ETH,Solar energy,19.754,12.346,0.18265210036045912,0.630549940982435,36000.0,711144.0,448411.8072300128
Falkland Islands (Malvinas),FLK,Solar energy,0.123,0.07,0.20058708414872795,0.7008156869179675,,,
Fiji,FJI,Solar energy,11.079,8.393,0.1506881958057024,0.5053216372902275,218000.0,2415222.0,1220463.935459378
Finland,FIN,Solar energy,147.182,222.0,0.07568287465547739,0.21146551219007487,133000.0,19575206.0,4139480.963016227
France,FRA,Solar energy,12165.282000000001,10728.641000000001,0.12944144760905021,0.42208104848530725,136000.0,1654478352.0000002,698323957.5084033
French Guiana,GUF,Solar energy,50.815,53.785000000000004,0.10785161451627759,0.3374963204032227,,,
French Polynesia,PYF,Solar energy,39.7,41.099999999999994,0.11026675110266754,0.34695835146956167,,,
Gabon,GAB,Solar energy,0.13,0.098,0.15143043518777374,0.508229585491334,191000.0,24830.0,12619.340607749824
Gambia (the),GMB,Solar energy,2.915,1.829,0.1819368819451206,0.627747855624908,202000.0,588830.0,369636.76982761454
Georgia,GEO,Solar energy,3.556,2.8000000000000003,0.14497716894977167,0.4829469551144726,66000.0,234696.0,113345.71857754626
Germany,DEU,Solar energy,44383.0,48912.0,0.10358506115913324,0.32078080185284685,256000.0,11362048000.0,3644726868.1305346
Ghana,GHA,Solar energy,190.417,83.157,0.26139832433374227,0.9390621890229637,236000.0,44938412.0,42199963.54393582
Greece,GRC,Solar energy,4428.51,2833.798,0.17839580352335516,0.6138746054642742,204000.0,903416040.0,554584165.1250969
Greenland,GRL,Solar energy,0.122,0.139,0.10019381754870076,0.3074945750711973,,,
Grenada,GRD,Solar energy,3.734,3.274,0.13019416852857577,0.42503006129268645,309000.0,1153806.0,490402.23489986936
Guadeloupe,GLP,Solar energy,102.86,83.472,0.1406700346513812,0.4660724484021286,,,
Guam,GUM,Solar energy,77.197,39.73,0.22180827894222074,0.7839561625053135,,,
Guatemala,GTM,Solar energy,244.945,100.80799999999999,0.2773763787682285,1.0,201000.0,49233945.0,49233945.0
Guinea,GIN,Solar energy,21.719,14.094,0.1759144245454363,0.6041530497109724,203000.0,4408957.0,2663684.81759454
Guinea-Bissau,GNB,Solar energy,2.946,1.824,0.18437575102138912,0.6373028659280231,273000.0,804258.0,512555.92834554
Guyana,GUY,Solar energy,10.207,7.9079999999999995,0.14734226712213286,0.4922129454969353,328000.0,3347896.0000000005,1647877.751377408
Haiti,HTI,Solar energy,4.9239999999999995,3.0620000000000003,0.18357297734193484,0.6341577562323477,211000.0,1038963.9999999999,658867.0790461848
Honduras,HND,Solar energy,1126.614,517.952,0.24830274641200162,0.8877562853215132,208000.0,234335712.0,208033001.20329195
Hungary,HUN,Solar energy,1497.0,1400.0,0.12206457925636008,0.3931799263215371,180000.0,269460000.0,105946262.94660139
Iceland,ISL,Solar energy,5.419,7.001,0.08835984944094744,0.2611314109733026,122000.0,661118.0,172638.67615984788
India,IND,Solar energy,43933.395000000004,35250.193,0.14227518526568148,0.4723611134259833,182000.0,7995877890.000001,3776941782.9386024
Indonesia,IDN,Solar energy,118.0,155.04,0.08688286658090297,0.2553448820519381,109000.0,12862000.0,3284245.872952028
Iran (Islamic Republic of),IRN,Solar energy,510.473,345.878,0.16847898251979523,0.5750224473942972,52000.0,26544596.0,15263738.55701287
Iraq,IRQ,Solar energy,376.545,37.076,1.0,1.0,85000.0,32006325.0,32006325.0
Ireland,IRL,Solar energy,33.261,38.71,0.09808622599377882,0.2992374450686107,190000.0,6319590.000000001,1891057.9654811418
Israel,ISR,Solar energy,3115.0,2138.1,0.1663128980430925,0.5665361536060392,118000.0,367570000.0,208241693.9809718
Italy,ITA,Solar energy,23701.375,20871.345,0.12963402289239692,0.42283552064390234,168000.0,3981831000.0,1683659584.0010302
Jamaica,JAM,Solar energy,89.962,107.013,0.09596623497328687,0.2909317363938734,264000.0,23749968.0,6909619.429538928
Japan,JPN,Solar energy,69381.0,63192.0,0.12533557221566108,0.40599503465665004,212000.0,14708772000.0,5971688397.896764
Jordan,JOR,Solar energy,2087.173,970.99,0.24538023871601927,0.8763064738421822,246000.0,513444557.99999994,449934790.13443774
Kazakhstan,KAZ,Solar energy,563.14,541.7,0.11867341356443396,0.3798940048093005,44000.0,24778160.0,9413074.434205618
Kenya,KEN,Solar energy,112.336,125.857,0.10189138698870497,0.31414531891281045,217000.0,24376912.0,7657892.794349516
Kiribati,KIR,Solar energy,5.534000000000001,3.213,0.19661847488868708,0.6852674548551188,413000.0,2285542.0000000005,1566207.549304478
Kosovo,XKX,Solar energy,10.55,10.0,0.12043378995433791,0.38679081395193315,95000.0,1002250.0000000001,387661.093283325
Kuwait,KWT,Solar energy,58.538000000000004,84.259,0.07930808686697209,0.2256683820238292,7000.0,409766.0,92471.23022837639
Lao People's Democratic Republic (the),LAO,Solar energy,45.159000000000006,34.294,0.15032183432382842,0.5038863049191573,132000.0,5960988.000000001,3003660.216987438
Latvia,LVA,Solar energy,3.137,3.302,0.10845094573926416,0.3398443824891863,114000.0,357618.0,121534.46837701782
Lebanon,LBN,Solar energy,111.712,76.08,0.1676197609821913,0.5716561860708214,130000.0,14522560.0,8301911.2615846675
Lesotho,LSO,Solar energy,1.0310000000000001,0.599,0.19648424695649527,0.6847415761650577,139000.0,143309.00000000003,98129.63053863827
Liberia,LBR,Solar energy,2.178,1.553,0.16009667545801762,0.5421822137308723,390000.0,849420.0,460540.4159872775
Libya,LBY,Solar energy,7.791,5.11,0.174047663726778,0.5968394472592072,126000.0,981666.0,585896.992833157
Lithuania,LTU,Solar energy,91.10000000000001,103.0,0.10096644057277121,0.3105215604175007,95000.0,8654500.0,2687408.84463326
Luxembourg,LUX,Solar energy,130.385,159.736,0.09317957392254297,0.28001414540457514,121000.0,15776584.999999998,4417666.966177639
Madagascar,MDG,Solar energy,38.208000000000006,23.002,0.18962019979203718,0.6578495867525666,113000.0,4317504.000000001,2840268.222202554
Malawi,MWI,Solar energy,6.429,4.018,0.18265408401917402,0.6305577125678977,172000.0,1105788.0,697263.1518650305
Malaysia,MYS,Solar energy,481.26,893.76,0.06146880165187921,0.15577756431285256,120000.0,57751200.0,8996341.27214441
Maldives,MDV,Solar energy,30.908,20.605,0.1712356467985006,0.5858225169189637,394000.0,12177752.0,7134001.327054944
Mali,MLI,Solar energy,17.060000000000002,11.078,0.1757978501963248,0.6036963342941106,142000.0,2422520.0000000005,1462466.4437541692
Malta,MLT,Solar energy,195.386,155.187,0.1437255562614354,0.4780433822868323,190000.0,37123340.0,17746567.015384052
Marshall Islands (the),MHL,Solar energy,2.2960000000000003,1.701,0.1540861003062931,0.5186339601320178,406000.0,932176.0000000001,483458.13042002387
Martinique,MTQ,Solar energy,85.33,75.846,0.12842954908510237,0.41811662869905875,,,
Mauritania,MRT,Solar energy,149.0,87.509,0.19437009244867756,0.6764587338013001,176000.0,26224000.0,17739453.835205294
Mauritius,MUS,Solar energy,135.68800000000002,99.36,0.15589269038742934,0.5257118254453839,205000.0,27816040.000000004,14623221.165061817
Mayotte,MYT,Solar energy,24.883,16.813,0.1689481421611403,0.5768605227754147,,,
Mexico,MEX,Solar energy,7061.37,6230.084,0.12938709425963194,0.42186810273157493,165000.0,1165126050.0,491529516.1566341
Micronesia (Federated States of),FSM,Solar energy,1.649,2.899,0.06493342846927219,0.1693512920946197,414000.0,682686.0,115613.75619490753
Mongolia,MNG,Solar energy,116.794,89.21799999999999,0.149438996635505,0.5004275201528938,56000.0,6540464.0,3273028.1801692764
Morocco,MAR,Solar energy,1608.9789999999998,733.903,0.2502693160083608,0.8954609189723504,124000.0,199513395.99999997,178656448.92945442
Mozambique,MOZ,Solar energy,32.584,43.322,0.08586017965921118,0.2513381954410369,96000.0,3128064.0000000005,786201.9609840718
Myanmar,MMR,Solar energy,85.28999999999999,88.482,0.11003708516831687,0.34605856542104085,81000.0,6908489.999999999,2390742.1386256064
Namibia,NAM,Solar energy,356.031,144.01500000000001,0.28221232662693524,1.0,151000.0,53760681.0,53760681.0
Nauru,NRU,Solar energy,1.549,2.476,0.07141618902191633,0.1947494754066635,,,
Nepal,NPL,Solar energy,83.78,54.515,0.17543661268713692,0.6022810766422145,120000.0,10053600.0,6055093.032130168
Netherlands (Kingdom of the),NLD,Solar energy,5399.405,7227.595,0.08528015664822866,0.24906577913960046,144000.0,777514320.0,193652209.90299663
New Caledonia,NCL,Solar energy,116.121,74.89,0.17700389795444274,0.6084213926693217,,,
New Zealand,NZL,Solar energy,128.0,115.0,0.12705975779233672,0.4127500552971284,120000.0,15360000.0,6339840.849363892
Nicaragua,NIC,Solar energy,25.619999999999997,16.36,0.1787687979368322,0.6153359243593541,334000.0,8557080.0,5265478.731616942
Niger (the),NER,Solar energy,23.639,14.1,0.19138411217979856,0.6647602492407061,213000.0,5035107.0,3347138.984273624
Nigeria,NGA,Solar energy,54.471,36.88,0.16860495349597357,0.5755159769514964,119000.0,6482049.0,3730522.76288247
Niue,NIU,Solar energy,0.469,0.941,0.0568956565200724,0.13786087937176894,,,
North Macedonia,MKD,Solar energy,23.225,16.713,0.1586343390033242,0.5364530665506576,155000.0,3599875.0,1931163.9829490485
Norway,NOR,Solar energy,106.645,119.82600000000001,0.10159804014146234,0.3129960435478212,101000.0,10771145.0,3371325.7694798964
Oman,OMN,Solar energy,50.57,26.239,0.2200095678275967,0.7769091654361407,60000.0,3034200.0,2357297.789766338
Pakistan,PAK,Solar energy,920.847,756.4499999999999,0.13896426802557368,0.4593895895956044,217000.0,199823799.0,91796973.01404454
Palau,PLW,Solar energy,3.508,2.618,0.15296280405063645,0.5142331058997472,321000.0,1126068.0,579061.4450943166
Panama,PAN,Solar energy,335.326,224.63000000000002,0.1704101132720128,0.5825882386102541,254000.0,85172804.0,49620673.859856404
Papua New Guinea,PNG,Solar energy,4.343999999999999,2.996,0.165517493644494,0.5634199153062039,289000.0,1255415.9999999998,707326.3763940532
Paraguay,PRY,Solar energy,0.118,0.057,0.23632139710005606,0.8408157105957806,66000.0,7788.0,6548.272754119939
Peru,PER,Solar energy,822.571,334.77099999999996,0.2804926325361456,1.0,195000.0,160401345.0,160401345.0
Philippines (the),PHL,Solar energy,1282.5140000000001,982.818,0.14896522831547357,0.49857138887334357,181000.0,232135034.00000003,115735886.30754085
Poland,POL,Solar energy,710.673,1539.259,0.05270526584188921,0.12144375124721297,137000.0,97362201.0,11824030.91912515
Portugal,PRT,Solar energy,1342.2520000000002,901.438,0.1699785389070032,0.5808974149640187,222000.0,297979944.00000006,173095779.1807231
Puerto Rico,PRI,Solar energy,498.082,337.023,0.1687085919924953,0.5759220122371541,243000.0,121033926.0,69706102.21088281
Qatar,QAT,Solar energy,8.364,5.1,0.18721461187214614,0.6484249654872153,37000.0,309468.0,200666.77721939754
Republic of Korea (the),KOR,Solar energy,12996.0,10847.0,0.1367716090933545,0.45079918230706456,114000.0,1481544000.0,667878823.7519376
Republic of Moldova (the),MDA,Solar energy,1.437,5.0,0.032808219178082194,0.04349102810837324,85000.0,122145.0,5312.211628297249
Romania,ROU,Solar energy,1777.615,1397.705,0.14518377394227744,0.4837563929195917,92000.0,163540580.0,79113801.07677792
Russian Federation (the),RUS,Solar energy,940.4,1275.2,0.0841841265476129,0.24477174835057142,84000.0,78993600.0,19335401.5805057
Rwanda,RWA,Solar energy,31.042,22.049999999999997,0.1607078143281666,0.5445765358606367,137000.0,4252754.0,2315950.041187466
Réunion,REU,Solar energy,261.738,198.941,0.1501890868312096,0.5033662263007403,,,
Saint Barthélemy,BLM,Solar energy,0.041,0.024,0.1950152207001522,0.6789862196551542,,,
Saint Kitts and Nevis,KNA,Solar energy,3.1799999999999997,2.014,0.1802451333813987,0.6211199168339603,306000.0,973079.9999999999,604399.36867279
Saint Lucia,LCA,Solar energy,8.138,4.11,0.2260329522603295,0.8005076032835884,321000.0,2612298.0,2091164.4110425115
Saint Martin (French Part),MAF,Solar energy,0.446,0.5,0.10182648401826484,0.31389104181475197,,,
Saint Vincent and the Grenadines,VCT,Solar energy,1.662,3.998,0.04745523446654834,0.10087515887332024,346000.0,575052.0,58008.46186042055
Samoa,WSM,Solar energy,23.714,14.130999999999998,0.19157013838870401,0.6654890634111906,385000.0,9129890.0,6075841.945147195
Sao Tome and Principe,STP,Solar energy,0.363,0.349,0.11873454488362052,0.38013350531810364,183000.0,66429.0,25251.888624776308
Saudi Arabia,SAU,Solar energy,261.0,109.374,0.2724095356112532,0.9822019533629868,74000.0,19314000.0,18970248.527252726
Senegal,SEN,Solar energy,258.109,170.75,0.17255928384711552,0.5910082670521569,182000.0,46975838.0,27763108.609702863
Serbia,SRB,Solar energy,27.862000000000002,23.448,0.13564455848285295,0.4463836192494727,107000.0,2981234.0,1330774.0227495823
Seychelles,SYC,Solar energy,6.907,5.147,0.15319026998925647,0.5151242727968435,321000.0,2217147.0,1142106.2360587032
Sierra Leone,SLE,Solar energy,6.359,4.542000000000001,0.1598223782494787,0.5411075711109761,180000.0,1144620.0,619362.5480450455
Singapore,SGP,Solar energy,301.0,271.6,0.12651226286306078,0.4106050776347198,55000.0,16555000.0,6797567.060242787
Slovakia,SVK,Solar energy,589.0,590.0,0.11396176766504142,0.36143470104781844,156000.0,91884000.0,33210066.07107775
Slovenia,SVN,Solar energy,303.039,277.877,0.1244921067619304,0.40269050257694977,266000.0,80608374.0,32460226.63797073
Solomon Islands,SLB,Solar energy,3.3689999999999998,2.419,0.15898678838193073,0.5378338940320018,716000.0,2412204.0,1297365.0705195707
Somalia,SOM,Solar energy,3.8,2.439,0.17785565983513715,0.6117584285213191,,,
South Africa,ZAF,Solar energy,6850.99,4908.14,0.1593427416533075,0.5392284490774233,161000.0,1103009390.0,594774042.6875347
South Sudan,SSD,Solar energy,1.205,0.803,0.1713039571924916,0.5860901436336345,,,
Spain,ESP,Solar energy,15103.0,11111.21,0.15516642723797566,0.5228664689876195,260000.0,3926780000.0,2053181593.0912044
Sri Lanka,LKA,Solar energy,330.095,341.926,0.11020535912908286,0.3467178297679918,173000.0,57106435.00000001,19799819.208986893
State of Palestine (the),PSE,Solar energy,123.338,81.833,0.17205382138375475,0.5890279643404429,176000.0,21707488.0,12786317.467584593
Sudan (the),SDN,Solar energy,21.547,80.489,0.030559495040900393,0.034680968352106926,24000.0,517128.0,17934.49980198835
Suriname,SUR,Solar energy,11.666,8.264,0.16114897868070566,0.5463049311955462,72000.0,839952.0,458869.9195675615
Sweden,SWE,Solar energy,679.0,714.0,0.10855940549735875,0.34026930653129717,104000.0,70616000.0,24028457.35001408
Switzerland,CHE,Solar energy,2178.0,2498.0,0.09953168013863145,0.30490045067278143,136000.0,296208000.0,90313952.69288324
Syrian Arab Republic (the),SYR,Solar energy,4.3,2.467,0.1989734819248787,0.6944939101469083,78000.0,335400.0,232933.25746327304
Thailand,THA,Solar energy,5145.717000000001,2987.62,0.1966149029790791,0.6852534608144226,137000.0,704963229.0000001,483078492.4191604
Timor-Leste,TLS,Solar energy,0.918,0.592,0.17701777119585338,0.6084757453059212,234000.0,214812.0,130707.89180065555
Togo,TGO,Solar energy,12.131,7.292,0.18990912665910226,0.65898154550284,176000.0,2135056.0,1406962.5026151116
Tokelau,TKL,Solar energy,1.655,1.041,0.1814860140626988,0.6259814437646718,,,
Tonga,TON,Solar energy,7.795,7.009,0.1269567959264377,0.4123466709174312,362000.0,2821790.0,1163555.7125280981
Trinidad and Tobago,TTO,Solar energy,6.228,4.0,0.17773972602739727,0.6113042226198162,66000.0,411048.0,251275.3780994302
Tunisia,TUN,Solar energy,258.0,80.04899999999999,0.36792533066647365,1.0,77000.0,19866000.0,19866000.0
Turks and Caicos Islands,TCA,Solar energy,1.466,0.94,0.1780336150782085,0.6124556222319555,,,
Tuvalu,TUV,Solar energy,1.791,3.6550000000000002,0.05593763469070329,0.13410753789915636,,,
Türkiye,TUR,Solar energy,9252.894,5996.155,0.1761572938585084,0.6051045640055671,89000.0,823507566.0,498308186.6797158
Uganda,UGA,Solar energy,119.475,77.683,0.17556863960116093,0.6027983321751429,169000.0,20191275.0,12171266.894489659
Ukraine,UKR,Solar energy,3674.807,5935.688,0.07067394984064782,0.191841527992263,64000.0,235187648.0,45118757.7572265
United Arab Emirates (the),ARE,Solar energy,3663.458,1935.233,0.21609954358804845,0.7615904579836379,109000.0,399316922.0,304115957.5065966
United Kingdom of Great Britain and Northern Ireland (the),GBR,Solar energy,12418.06,13345.0,0.10622605904764837,0.33112771316547723,177000.0,2197996620.0,727817594.3260485
United Republic of Tanzania (the),TZA,Solar energy,27.942,15.536,0.20531192246377833,0.7193266759743923,126000.0,3520692.0,2532527.673489635
United States Virgin Islands,VIR,Solar energy,14.0,9.993,0.15992930210965026,0.5415264778065135,,,
United States of America (the),USA,Solar energy,97478.0,61587.229,0.18068073124017733,0.6228265037389913,181000.0,17643518000.0,10988850629.59596
Uruguay,URY,Solar energy,424.06899999999996,253.57399999999998,0.19090956957869115,0.6629010844798876,167000.0,70819523.0,46946338.59904835
Uzbekistan,UZB,Solar energy,0.1,0.175,0.06523157208088716,0.17051936024083916,52000.0,5200.0,886.7006732523637
Vanuatu,VUT,Solar energy,7.576,4.589,0.1884593991388977,0.6533017976528825,382000.0,2894032.0,1890676.308064967
Venezuela (Bolivarian Republic of),VEN,Solar energy,4.86,2.87,0.1933081953128729,0.672298429268272,1238000.0,6016680.0,4045004.513409827
Viet Nam,VNM,Solar energy,4988.468,4994.49,0.11401761087750664,0.3616534837925161,125000.0,623558500.0,225512103.87343565
Yemen,YEM,Solar energy,492.309,254.16,0.22111920654015807,0.7812565120954708,,,
Zambia,ZMB,Solar energy,108.75,95.483,0.13001668948026177,0.42433473321963466,46000.0,5002500.0,2122734.5029312223
Zimbabwe,ZWE,Solar energy,16.907,11.851,0.16285738174417586,0.5529981190473134,124000.0,2096468.0,1159342.8606428832
Afghanistan,AFG,Wind energy,0.123,0.1,0.1404109589041096,0.2426532769556026,180000.0,22140.0,5372.343551797041
Algeria,DZA,Wind energy,10.0,10.0,0.11415525114155252,0.18430232558139542,21000.0,210000.0,38703.48837209304
Argentina,ARG,Wind energy,4996.866,1608.55,0.35461657589175655,0.718706013905739,108000.0,539661528.0,387857985.64716035
Armenia,ARM,Wind energy,3.3,2.925,0.12879053974944385,0.21682793950235815,77000.0,254100.0,55095.97942754921
Aruba,ABW,Wind energy,130.986,30.0,0.49842465753424653,1.0,,,
Australia,AUS,Wind energy,17712.0,7881.0,0.25655599647496236,0.5007751870919249,204000.0,3613248000.0,1809424943.2095234
Austria,AUT,Wind energy,7450.076,3224.117,0.26378239276169346,0.5168352035329645,102000.0,759907752.0,392747077.67119753
Azerbaijan,AZE,Wind energy,105.4,66.0,0.18230247682302478,0.3357534114933693,48000.0,5059200.0,1698643.659427254
Bahamas (the),BHS,Wind energy,0.788,0.3,0.2998477929984779,0.5969873150105709,285000.0,224580.0,134071.41120507402
Bahrain,BHR,Wind energy,1.2,0.675,0.20294266869609334,0.38162438336856946,60000.0,72000.0,27476.955602537
Bangladesh,BGD,Wind energy,5.0809999999999995,2.9,0.2000078727759408,0.37510206313333827,97000.0,492856.99999999994,184871.67752970767
Barbados,BRB,Wind energy,0.056,0.06,0.106544901065449,0.16738900634249476,266000.0,14896.0,2493.426638477802
Belarus,BLR,Wind energy,177.81,112.0,0.18123165362035226,0.3333736031410451,147000.0,26138070.0,8713742.575052856
Belgium,BEL,Wind energy,9755.400000000001,3863.5,0.2882438558266601,0.5711986072832667,167000.0,1629151800.0000002,930569239.2130271
Belize,BLZ,Wind energy,0.025,0.02,0.14269406392694062,0.24772727272727274,226000.0,5650.0,1399.659090909091
Bolivia (Plurinational State of),BOL,Wind energy,70.219,27.0,0.296883984441062,0.5904005167958656,175000.0,12288324.999999998,7255033.430555554
"Bonaire, Sint Eustatius and Saba",BES,Wind energy,32.059,11.13,0.32881430335552847,0.6613627815799823,,,
Bosnia and Herzegovina,BIH,Wind energy,254.0,87.0,0.33328084816039466,0.6712892760807758,116000.0,29464000.0,19778867.23044398
Brazil,BRA,Wind energy,55985.622,15438.379,0.4139717479228892,0.8506175505635121,175000.0,9797483850.0,8333911714.172568
British Virgin Islands,VGB,Wind energy,2.453,0.801,0.34959154937606524,0.70753834398334,,,
Bulgaria,BGR,Wind energy,1316.988,703.12,0.2138199679861346,0.40579820369349834,107000.0,140917716.0,57184156.02139055
Cabo Verde,CPV,Wind energy,73.795,26.9,0.3131630765052367,0.6265793361993761,263000.0,19408085.0,12160705.016201068
Cambodia,KHM,Wind energy,0.3,0.25,0.136986301369863,0.2350422832980973,182000.0,54600.0,12833.308668076112
Canada,CAN,Wind energy,32873.0,13220.0,0.2838597254747546,0.561455271499074,123000.0,4043379000.0,2270176454.2186546
Cayman Islands,CYM,Wind energy,1.402,0.8,0.20005707762557076,0.3752114164904863,,,
Chad,TCD,Wind energy,8.9,1.1,0.9236197592361977,1.0,212000.0,1886800.0,1886800.0
Chile,CHL,Wind energy,4895.225,1620.074,0.34493216931412174,0.6971832904503272,102000.0,499312950.00000006,348112645.4454598
China,CHN,Wind energy,406559.694,209581.91,0.22144527632467295,0.42274476632663055,146000.0,59357715324.0,25093163494.327038
"China, Hong Kong Special Administrative Region",HKG,Wind energy,0.988,0.803,0.14045502880181054,0.24275121834347416,161000.0,159068.0,38613.950799459744
Chinese Taipei,TWN,Wind energy,1892.1999999999998,845.159,0.25557861445011604,0.4986030433614419,117000.0,221387399.99999997,110384431.40187687
Colombia,COL,Wind energy,63.324,18.42,0.3924412119048681,0.8027678688253646,199000.0,12601476.0,10116060.03257398
Costa Rica,CRI,Wind energy,1796.358,410.92,0.49903557536780146,1.0,144000.0,258675552.0,258675552.0
Croatia,HRV,Wind energy,1467.3,646.3,0.2591675692402909,0.5065791729078093,168000.0,246506400.0,124875008.2284816
Cuba,CUB,Wind energy,65.986,16.0,0.4707905251141553,0.9768921775898523,,,
Curaçao,CUW,Wind energy,223.714,46.5,0.5492070506211028,1.0,,,
Cyprus,CYP,Wind energy,238.565,157.725,0.17266411468432064,0.31433301766629573,191000.0,45565915.0,14322871.564675929
Czechia,CZE,Wind energy,700.014,339.414,0.2354359984343685,0.4538378891209476,138000.0,96601932.0,43841616.90388532
Democratic People's Republic of Korea (the),PRK,Wind energy,2.33,1.33,0.19998626703745664,0.37505404632087624,,,
Denmark,DNK,Wind energy,16149.832999999999,6110.543000000001,0.30170612366349964,0.6011172879388391,242000.0,3908259585.9999995,2349322402.8972898
Dominica,DMA,Wind energy,0.598,0.231,0.29551878866947356,0.5873664918590922,368000.0,220064.0,129258.21966447926
Dominican Republic (the),DOM,Wind energy,782.22,370.3,0.24114102227368406,0.4665167919959762,201000.0,157226220.0,73348671.77205358
Ecuador,ECU,Wind energy,85.52600000000001,21.15,0.46161900752399154,0.9565093038249893,119000.0,10177594.000000002,9734963.35155339
Egypt,EGY,Wind energy,3001.445,1132.0,0.3026773036771706,0.603275648256748,97000.0,291140165.0,175637771.77395156
Eritrea,ERI,Wind energy,1.445,0.825,0.19994465199944653,0.3749615606380935,,,
Estonia,EST,Wind energy,687.0,316.0,0.2481792959944512,0.4821587229373513,103000.0,70761000.0,34118033.39376991
Ethiopia,ETH,Wind energy,848.0709999999999,324.006,0.2987961889312778,0.5946502194599561,36000.0,30530555.999999996,18155001.825634476
Falkland Islands (Malvinas),FLK,Wind energy,5.148,3.31,0.17754417911683149,0.32517852238396044,,,
Faroe Islands,FRO,Wind energy,52.6,12.75,0.47094636941534607,0.9772385275463252,,,
Fiji,FJI,Wind energy,3.419,10.175,0.03835840822142192,0.01585065268997619,218000.0,745342.0,11814.157177252233
Finland,FIN,Wind energy,6024.746,2284.0,0.30111926124959015,0.5998130389546918,133000.0,801291218.0,480624920.55628645
France,FRA,Wind energy,34721.683,16412.552,0.2415018970189629,0.4673188036920377,136000.0,4722148888.0,2206748969.195846
French Polynesia,PYF,Wind energy,0.078,0.248,0.035903667697746354,0.010395212439473538,,,
Gambia (the),GMB,Wind energy,2.128,1.214,0.20010080265998664,0.37530859145069345,202000.0,429856.0,161328.64988662928
Georgia,GEO,Wind energy,84.694,21.0,0.46039356381822133,0.9537858652974933,66000.0,5589804.0,5331476.04498339
Germany,DEU,Wind energy,125894.0,60742.0,0.23659841933447384,0.4564212651255792,256000.0,32228864000.0,14709938880.440235
Ghana,GHA,Wind energy,0.035,0.02,0.1997716894977169,0.37457716701902755,236000.0,8260.0,3094.0073995771677
Greece,GRC,Wind energy,7266.347,3589.0,0.23112055354323396,0.4442472006017919,204000.0,1482334788.0,658523079.9236506
Greenland,GRL,Wind energy,0.088,0.05,0.2009132420091324,0.3771141649048626,,,
Grenada,GRD,Wind energy,0.224,0.08,0.319634703196347,0.6409619450317124,309000.0,69216.0,44364.82198731501
Guadeloupe,GLP,Wind energy,62.907,48.435,0.1482639492838163,0.26010584246754276,,,
Guam,GUM,Wind energy,0.5,0.275,0.20755500207555003,0.39187487987699415,,,
Guatemala,GTM,Wind energy,330.777,107.4,0.35158223004515193,0.711962452903729,201000.0,66486177.0,47335661.66111149
Guyana,GUY,Wind energy,0.45499999999999996,0.17300000000000001,0.30023490907171324,0.5978476457001797,328000.0,149240.0,89222.78264429481
Haiti,HTI,Wind energy,0.065,0.024,0.3091704718417047,0.6177061310782243,211000.0,13715.0,8471.839587737846
Honduras,HND,Wind energy,819.3739999999999,238.9,0.391527186056335,0.8007365285040581,208000.0,170429791.99999997,136469359.99974868
Hungary,HUN,Wind energy,729.0,323.0,0.25764451418635226,0.5031943198999863,180000.0,131220000.0,66029158.657276206
Iceland,ISL,Wind energy,6.569,2.4,0.3124524353120243,0.6250000000000001,122000.0,801418.0,500886.2500000001
India,IND,Wind energy,62688.878,37505.18,0.1908073661257497,0.3546547637872899,182000.0,11409375796.0,4046389477.8908024
Indonesia,IDN,Wind energy,7.7,154.31,0.005696295987233194,0.001,109000.0,839300.0,839.3000000000001
Iran (Islamic Republic of),IRN,Wind energy,634.121,304.92,0.23740076744435398,0.4582044117071986,52000.0,32974292.0,15108966.067321386
Ireland,IRL,Wind energy,10019.485,4126.45,0.27718179706140106,0.5466141756256762,190000.0,1903702150.0,1040590581.3590773
Israel,ISR,Wind energy,190.0,27.25,0.7959448703447698,1.0,118000.0,22420000.0,22420000.0
Italy,ITA,Wind energy,20202.042,10679.46,0.2159443621758209,0.41051947889899143,168000.0,3393943056.0,1393279734.7619705
Jamaica,JAM,Wind energy,274.51,102.0,0.3072231175575253,0.6133783111553289,264000.0,72470640.0,44451918.77154583
Japan,JPN,Wind energy,7618.0,3952.0,0.22004926700312427,0.41964226104373,212000.0,1615016000.0,677728965.8618007
Jordan,JOR,Wind energy,892.4,383.6,0.2655686812271154,0.5208050691457585,246000.0,219530400.0,114332545.15159602
Kazakhstan,KAZ,Wind energy,717.4,283.8,0.28856581102519296,0.5719141237836847,44000.0,31565600.0,18052812.465706278
Kenya,KEN,Wind energy,57.98,336.1,0.01969271485030412,0.001,217000.0,12581660.0,12581.66
Kosovo,XKX,Wind energy,90.649,33.75,0.30660916624386947,0.6120138595254875,95000.0,8611655.0,5270452.213451962
Kuwait,KWT,Wind energy,3.642,10.0,0.04157534246575342,0.02300000000000003,7000.0,25494.0,586.3620000000008
Latvia,LVA,Wind energy,153.999,78.172,0.2248860783982493,0.430391639772177,114000.0,17555886.0,7555906.563193405
Lithuania,LTU,Wind energy,1499.4,534.0,0.32053255348622445,0.6429573366273132,95000.0,142443000.0,91584771.90120438
Luxembourg,LUX,Wind energy,281.283,135.794,0.23646060582094433,0.4561149869745808,121000.0,34035243.0,15523984.417621693
Madagascar,MDG,Wind energy,0.465,0.177,0.29989938859221427,0.5971019815816823,113000.0,52545.0,31374.723622209494
Maldives,MDV,Wind energy,2.465,1.407,0.19999480743704828,0.3750730265915966,394000.0,971210.0,364274.6741560245
Malta,MLT,Wind energy,0.058,0.1,0.06621004566210047,0.07774841437632142,190000.0,11020.0,856.7875264270621
Marshall Islands (the),MHL,Wind energy,0.022,0.011,0.228310502283105,0.4380021141649049,406000.0,8932.0,3912.2348837209306
Martinique,MTQ,Wind energy,46.035,14.0,0.375366927592955,0.7648218061008759,,,
Mauritania,MRT,Wind energy,131.19400000000002,34.4,0.4353629075076989,0.8981574807020997,176000.0,23090144.000000004,20738585.564088706
Mauritius,MUS,Wind energy,15.236,10.63,0.16361894697955728,0.29423094516894427,205000.0,3123380.0,918995.0495217772
Mexico,MEX,Wind energy,16880.0,6541.26,0.2945824870543911,0.5852856456481522,165000.0,2785200000.0,1630137580.2592335
Micronesia (Federated States of),FSM,Wind energy,0.943,0.825,0.1304829113048291,0.2205890832212186,414000.0,390402.0,86118.41926773018
Mongolia,MNG,Wind energy,460.306,156.006,0.3368226031816947,0.6791605083818131,56000.0,25777136.0,17506812.790387135
Montenegro,MNE,Wind energy,295.4,118.0,0.28577509480690344,0.5657120077399934,141000.0,41651400.0,23562697.119181562
Morocco,MAR,Wind energy,4714.432,1225.0,0.4393283011834871,0.9069702118479528,124000.0,584589568.0,530205324.3330632
Myanmar,MMR,Wind energy,0.02,0.006,0.380517503805175,0.7762684989429175,81000.0,1620.0,1257.5549682875264
Namibia,NAM,Wind energy,21.596,5.231,0.47128594984763295,0.9779932145450989,151000.0,3260996.0,3189231.9606587095
Nepal,NPL,Wind energy,0.349,0.199,0.20020192285629057,0.37553332200112616,120000.0,41880.0,15727.335525407163
Netherlands (Kingdom of the),NLD,Wind energy,11507.927,4484.157999999999,0.29296253539764944,0.5816854486469538,144000.0,1657141488.0,963935089.9187607
New Caledonia,NCL,Wind energy,56.576,37.585,0.17183577194584207,0.31249210035828584,,,
New Zealand,NZL,Wind energy,2255.0,690.0,0.3730725961220303,0.7597228605570366,120000.0,270600000.0,205581006.0667341
Nicaragua,NIC,Wind energy,730.17,186.2,0.447651663405088,0.9254681365146481,334000.0,243876780.0,225700189.1257928
North Macedonia,MKD,Wind energy,101.807,37.0,0.31410280143156855,0.6286677904119765,155000.0,15780085.0,9920431.169463174
Norway,NOR,Wind energy,5524.508,2914.0,0.21642127596894853,0.4115793769525555,101000.0,557975308.0,229651129.62155023
Oman,OMN,Wind energy,8.531,50.0,0.01947716894977169,0.001,60000.0,511860.00000000006,511.86000000000007
Pakistan,PAK,Wind energy,2812.272,1235.855,0.25976802815731304,0.5079136388984514,217000.0,610263024.0,309960913.205013
Panama,PAN,Wind energy,677.8,270.0,0.28657196008794183,0.5674829692271554,254000.0,172161200.0,97698548.96171014
Peru,PER,Wind energy,1655.0390000000002,372.25,0.5075389998497353,1.0,195000.0,322732605.00000006,322732605.00000006
Philippines (the),PHL,Wind energy,1041.66,442.9,0.2684826346897936,0.5272810688919896,181000.0,188540460.0,99413815.2781874
Poland,POL,Wind energy,15106.759,5837.761,0.295407069179418,0.5871182053306644,137000.0,2069625983.0,1215115092.8446722
Portugal,PRT,Wind energy,13666.949,5222.745,0.29872298866473285,0.594487538444751,222000.0,3034062678.0,1803712452.9313092
Puerto Rico,PRI,Wind energy,159.0,99.0,0.18334025183340252,0.3380597732077648,243000.0,38637000.0,13061615.457428409
Republic of Korea (the),KOR,Wind energy,2680.0,1494.0,0.20477648799153997,0.38569988198035277,114000.0,305520000.0,117839027.94263738
Republic of Moldova (the),MDA,Wind energy,36.915,35.0,0.12040117416829745,0.1981833282996074,85000.0,3137775.0,621854.6929553006
Romania,ROU,Wind energy,6772.809,3037.515,0.2545342861940656,0.4962821176473611,92000.0,623098428.0,309232607.35058177
Russian Federation (the),RUS,Wind energy,330.8,101.9,0.3705844659237053,0.7541932147547549,84000.0,27787200.0,20956917.697033323
Réunion,REU,Wind energy,12.1,16.5,0.0837138508371385,0.11664904862579284,,,
Saint Kitts and Nevis,KNA,Wind energy,5.576,2.2,0.28933167289331674,0.5736161829713627,306000.0,1706256.0,978736.0538919856
Samoa,WSM,Wind energy,0.217,0.55,0.045039435450394356,0.030698635402652358,385000.0,83545.0,2564.7174947145913
Saudi Arabia,SAU,Wind energy,5.0,3.0,0.1902587519025875,0.35343551797040174,74000.0,370000.0,130771.14164904864
Senegal,SEN,Wind energy,23.13,55.2,0.04783353186420488,0.036908263627171645,182000.0,4209660.0,155371.24106075938
Serbia,SRB,Wind energy,898.212,398.0,0.2576271769807944,0.5031557895184168,107000.0,96108684.0,48357640.77759603
Seychelles,SYC,Wind energy,4.884,6.0,0.09292237442922374,0.1371141649048626,321000.0,1567764.0,214962.65162790703
Singapore,SGP,Wind energy,0.35,0.1,0.39954337899543374,0.8185517970401692,55000.0,19250.0,15757.122093023258
Slovakia,SVK,Wind energy,6.0,4.0,0.17123287671232876,0.31115221987315017,156000.0,936000.0,291238.4778012686
Slovenia,SVN,Wind energy,6.15,3.3,0.21274387712743878,0.4034066884489718,266000.0,1635900.0,659933.001633673
Somalia,SOM,Wind energy,6.0,3.55,0.1929384526336099,0.35939091206860624,,,
South Africa,ZAF,Wind energy,294.25,2094.0,0.016041156947660853,0.001,161000.0,47374250.0,47374.25
South Georgia and the South Sandwich Islands,SGS,Wind energy,0.011,0.006,0.20928462709284626,0.3957188160676533,,,
Spain,ESP,Wind energy,55647.0,25590.076,0.24823674850649025,0.48228640598313444,260000.0,14468220000.0,6977825824.773305
Sri Lanka,LKA,Wind energy,348.0,128.45,0.3092723035987565,0.6179324430084839,173000.0,60204000.0,37202004.79888277
Sweden,SWE,Wind energy,19847.0,8681.0,0.2609882812356172,0.5106255417227924,104000.0,2064088000.0,1053976053.1635151
Switzerland,CHE,Wind energy,146.0,75.0,0.2222222222222222,0.4244714587737844,136000.0,19856000.0,8428305.285412263
Syrian Arab Republic (the),SYR,Wind energy,1.051,0.6,0.19996194824961946,0.37500000000000006,78000.0,81978.0,30741.750000000004
Thailand,THA,Wind energy,3673.278,1506.82,0.2782840502533413,0.5490638343051002,137000.0,503239086.0,276310382.1313541
Tokelau,TKL,Wind energy,0.039,0.015,0.2968036529680365,0.5902219873150107,,,
Tonga,TON,Wind energy,1.431,1.397,0.11693354644492603,0.19047683725772993,362000.0,518022.0,98671.19218992378
Trinidad and Tobago,TTO,Wind energy,0.027,0.01,0.30821917808219174,0.6155919661733615,66000.0,1782.0,1096.9848837209302
Tunisia,TUN,Wind energy,500.0,245.0,0.2329699002888827,0.4483572075764768,77000.0,38500000.0,17261752.491694357
Türkiye,TUR,Wind energy,21730.713,7591.156,0.3267848796678661,0.6568525697819471,89000.0,1934033457.0,1270374846.2747128
Ukraine,UKR,Wind energy,2244.41,1257.77,0.20370273357975774,0.3833135592791572,64000.0,143642240.0,55060018.277230926
United Kingdom of Great Britain and Northern Ireland (the),GBR,Wind energy,63834.897,23886.919,0.3050660781589344,0.6085844849062829,177000.0,11298776769.0,6876260240.032941
United States Virgin Islands,VIR,Wind energy,0.272,0.1,0.31050228310502287,0.620665961945032,,,
United States of America (the),USA,Wind energy,298200.0,103835.556,0.3278366024294314,0.6591899291201234,181000.0,53974200000.0,35579249072.31537
Uruguay,URY,Wind energy,4748.949,1516.488,0.3574821994987264,0.7250746048901928,167000.0,793074482.9999999,575038167.4097189
Uzbekistan,UZB,Wind energy,15.5,0.75,1.0,1.0,52000.0,806000.0,806000.0
Vanuatu,VUT,Wind energy,6.16,3.4,0.20682245500940102,0.39024685984330315,382000.0,2353120.0,918297.6908344735
Venezuela (Bolivarian Republic of),VEN,Wind energy,60.36,50.2,0.13725918244828902,0.23564873697598615,1238000.0,74725680.0,17609012.11167171
Viet Nam,VNM,Wind energy,909.686,374.55,0.27725386140689984,0.5467743321584211,125000.0,113710750.0,62174119.39048318
